[{"date":"2019-12-30T11:18:00.000Z","author":"System","message":"Messages to this group are now secured with end-to-end encryption. Tap for more info.","hasAttachment":false,"isQuestion":false},{"date":"2019-12-30T11:18:00.000Z","author":"System","message":"Nambirajan Vanamamalai created group \"5questions Test\"","hasAttachment":false,"isQuestion":false},{"date":"2019-12-30T11:18:00.000Z","author":"System","message":"Nambirajan Vanamamalai added you","hasAttachment":false,"isQuestion":false},{"date":"2019-12-30T11:18:00.000Z","author":"Garindan (a.k.a. Long Snoot)","message":"Hi Pratik, just created this group to test our quiz app","hasAttachment":false,"isQuestion":false},{"date":"2019-12-30T11:18:00.000Z","author":"Garindan (a.k.a. Long Snoot)","message":"Hi @919957049233","hasAttachment":false,"isQuestion":false},{"date":"2019-12-30T11:18:00.000Z","author":"Garindan (a.k.a. Long Snoot)","message":"Just testing a quiz app","hasAttachment":false,"isQuestion":false},{"date":"2019-12-30T11:19:00.000Z","author":"Garindan (a.k.a. Long Snoot)","message":"#startquiz","hasAttachment":false,"isQuestion":false},{"date":"2019-12-30T11:19:00.000Z","author":"Garindan (a.k.a. Long Snoot)","message":"Who became the CM of Maharashtra today?","hasAttachment":false,"isQuestion":false},{"date":"2019-12-30T11:19:00.000Z","author":"Chewbacca","message":"Yo","hasAttachment":false,"isQuestion":false},{"date":"2019-12-30T11:20:00.000Z","author":"Garindan (a.k.a. Long Snoot)","message":"IMG-20191230-WA0002.jpg (file attached)\nId the person waving","hasAttachment":true,"isQuestion":false},{"date":"2019-12-30T11:20:00.000Z","author":"Garindan (a.k.a. Long Snoot)","message":"🤟🏻","hasAttachment":false,"isQuestion":false},{"date":"2019-12-30T11:27:00.000Z","author":"Garindan (a.k.a. Long Snoot)","message":"Which brand's logo had colours because they are also the colours of Spain flag, where many early Californian settlers were born? Perhaps by displaying Spanish colours it was hoped an emotional bond would be created.","hasAttachment":false,"isQuestion":false},{"date":"2019-12-30T11:28:00.000Z","author":"Chewbacca","message":"Let's play around with all possible types of questions and chat scenarios","hasAttachment":false,"isQuestion":false},{"date":"2019-12-30T11:28:00.000Z","author":"Garindan (a.k.a. Long Snoot)","message":"Two major","hasAttachment":false,"isQuestion":false},{"date":"2019-12-30T11:28:00.000Z","author":"Garindan (a.k.a. Long Snoot)","message":"One is Image which is the primary","hasAttachment":false,"isQuestion":false},{"date":"2019-12-30T11:29:00.000Z","author":"Garindan (a.k.a. Long Snoot)","message":"Other is text","hasAttachment":false,"isQuestion":false},{"date":"2019-12-30T11:29:00.000Z","author":"Garindan (a.k.a. Long Snoot)","message":"And if you refer to my design","hasAttachment":false,"isQuestion":false},{"date":"2019-12-30T11:29:00.000Z","author":"Garindan (a.k.a. Long Snoot)","message":"If we can highlight the question chat alone","hasAttachment":false,"isQuestion":false},{"date":"2019-12-30T11:29:00.000Z","author":"Garindan (a.k.a. Long Snoot)","message":"So readers can skip to the questions they are interested about","hasAttachment":false,"isQuestion":false},{"date":"2019-12-30T11:32:00.000Z","author":"Chewbacca","message":"To identify question is also tricky.. I can't rely on just question mark","hasAttachment":false,"isQuestion":false},{"date":"2019-12-30T11:32:00.000Z","author":"Chewbacca","message":"Or WH words","hasAttachment":false,"isQuestion":false},{"date":"2019-12-30T11:32:00.000Z","author":"Chewbacca","message":"As they are very frequent","hasAttachment":false,"isQuestion":false},{"date":"2019-12-30T11:35:00.000Z","author":"Garindan (a.k.a. Long Snoot)","message":"#endquiz","hasAttachment":false,"isQuestion":false},{"date":"2019-12-30T11:36:00.000Z","author":"Garindan (a.k.a. Long Snoot)","message":"Ok","hasAttachment":false,"isQuestion":false},{"date":"2019-12-30T11:36:00.000Z","author":"Garindan (a.k.a. Long Snoot)","message":"Can we have a back end panel where I can tag questions?","hasAttachment":false,"isQuestion":false},{"date":"2019-12-30T11:37:00.000Z","author":"Chewbacca","message":"That will be too much effort.. plus if WhatsApp chat format changes.  I will have to code everything again","hasAttachment":false,"isQuestion":false},{"date":"2019-12-30T11:37:00.000Z","author":"Garindan (a.k.a. Long Snoot)","message":"Got it","hasAttachment":false,"isQuestion":false},{"date":"2019-12-30T11:38:00.000Z","author":"Chewbacca","message":"Let me collect on keywords.. like..\n\nWH and identify and question mark","hasAttachment":false,"isQuestion":false},{"date":"2019-12-30T11:38:00.000Z","author":"Chewbacca","message":"More than 2 and I will mark as question😛","hasAttachment":false,"isQuestion":false},{"date":"2019-12-30T11:38:00.000Z","author":"Garindan (a.k.a. Long Snoot)","message":"Yup that's a good logic","hasAttachment":false,"isQuestion":false},{"date":"2019-12-30T11:38:00.000Z","author":"Garindan (a.k.a. Long Snoot)","message":"Guess that logic will break very rarely","hasAttachment":false,"isQuestion":false},{"date":"2019-12-30T11:39:00.000Z","author":"Chewbacca","message":"We can keep evolving the logic as it's independent","hasAttachment":false,"isQuestion":false},{"date":"2019-12-30T11:39:00.000Z","author":"Garindan (a.k.a. Long Snoot)","message":"👍🏻","hasAttachment":false,"isQuestion":false},{"date":"2019-12-30T11:39:00.000Z","author":"Garindan (a.k.a. Long Snoot)","message":"Do we have to refresh the chat backup everyday?","hasAttachment":false,"isQuestion":false},{"date":"2019-12-30T11:40:00.000Z","author":"Chewbacca","message":"Yup..","hasAttachment":false,"isQuestion":false},{"date":"2019-12-30T11:40:00.000Z","author":"Chewbacca","message":"But I am trying to think of a better way","hasAttachment":false,"isQuestion":false},{"date":"2019-12-30T11:40:00.000Z","author":"Garindan (a.k.a. Long Snoot)","message":"Ok","hasAttachment":false,"isQuestion":false},{"date":"2019-12-30T11:40:00.000Z","author":"Chewbacca","message":"For now it will be daily upload","hasAttachment":false,"isQuestion":false},{"date":"2019-12-30T11:40:00.000Z","author":"Garindan (a.k.a. Long Snoot)","message":"Ok that's fine; I can refresh it","hasAttachment":false,"isQuestion":false},{"date":"2019-12-30T11:40:00.000Z","author":"Garindan (a.k.a. Long Snoot)","message":"Daily/ regular interval","hasAttachment":false,"isQuestion":false},{"date":"2019-12-30T11:41:00.000Z","author":"Chewbacca","message":"Yeah","hasAttachment":false,"isQuestion":false},{"date":"2019-12-30T11:41:00.000Z","author":"Garindan (a.k.a. Long Snoot)","message":"If you checked my design I gave provision for Google ads","hasAttachment":false,"isQuestion":false},{"date":"2019-12-30T11:42:00.000Z","author":"Garindan (a.k.a. Long Snoot)","message":"We can keep some space as placeholder for it in every page?","hasAttachment":false,"isQuestion":false},{"date":"2019-12-30T11:43:00.000Z","author":"Chewbacca","message":"Yes that can be added.  All layout changes we will do once it's stable","hasAttachment":false,"isQuestion":false},{"date":"2019-12-30T11:43:00.000Z","author":"Garindan (a.k.a. Long Snoot)","message":"👍🏻","hasAttachment":false,"isQuestion":false},{"date":"2019-12-30T11:43:00.000Z","author":"Chewbacca","message":"Share that image here again","hasAttachment":false,"isQuestion":false},{"date":"2019-12-30T11:43:00.000Z","author":"Chewbacca","message":"Let's see if it has some logic","hasAttachment":false,"isQuestion":false},{"date":"2019-12-30T11:44:00.000Z","author":"Garindan (a.k.a. Long Snoot)","message":"Sent","hasAttachment":false,"isQuestion":false},{"date":"2019-12-30T11:45:00.000Z","author":"Garindan (a.k.a. Long Snoot)","message":"Shall I buy a domain name?","hasAttachment":false,"isQuestion":false},{"date":"2019-12-30T11:45:00.000Z","author":"Chewbacca","message":"VID-20191230-WA0003.mp4 (file attached)\nTrying random images","hasAttachment":true,"isQuestion":false},{"date":"2019-12-30T11:45:00.000Z","author":"Chewbacca","message":"Let's do that later","hasAttachment":false,"isQuestion":false},{"date":"2019-12-30T11:45:00.000Z","author":"Chewbacca","message":"I will host it on sub domain for now","hasAttachment":false,"isQuestion":false},{"date":"2019-12-30T11:45:00.000Z","author":"Garindan (a.k.a. Long Snoot)","message":"Ok\n","hasAttachment":false,"isQuestion":false}]