[{"date":"Mon Dec 30 2019 16:50:00 GMT+0530 (India Standard Time)","author":"Jabba the Hutt","message":"#startquiz","hasAttachment":false,"isQuestion":false},{"date":"Mon Dec 30 2019 16:53:00 GMT+0530 (India Standard Time)","author":"Jabba the Hutt","message":"IMG-20191230-WA0003.jpg (file attached)\nId the blanked out name","hasAttachment":true,"isQuestion":false},{"date":"Mon Dec 30 2019 16:55:00 GMT+0530 (India Standard Time)","author":"Darth Maul","message":"Abid Hasan sarfarani","hasAttachment":false,"isQuestion":false},{"date":"Mon Dec 30 2019 16:55:00 GMT+0530 (India Standard Time)","message":"Fuq: what are the two anachronisms in the above photo?","hasAttachment":false,"isQuestion":false},{"date":"Mon Dec 30 2019 16:57:00 GMT+0530 (India Standard Time)","author":"Darth Maul","message":"Rss formed was formed in 1900s..so the first facts is no really great?","hasAttachment":false,"isQuestion":false},{"date":"Mon Dec 30 2019 16:58:00 GMT+0530 (India Standard Time)","author":"Mama the Hutt","message":"BJP was founded in 1970s only","hasAttachment":false,"isQuestion":false},{"date":"Mon Dec 30 2019 16:58:00 GMT+0530 (India Standard Time)","message":"Correct and closed","hasAttachment":false,"isQuestion":false},{"date":"Mon Dec 30 2019 17:05:00 GMT+0530 (India Standard Time)","author":"Jabba the Hutt","message":"#endquiz","hasAttachment":false,"isQuestion":false}]